{"cameraMode":{"drawMode":0,"name":"Shaded","section":"Shading Mode"},"sceneLighting":false,"audioPlay":false,"sceneViewState":{"m_AlwaysRefresh":false,"showFog":true,"showSkybox":true,"showFlares":true,"showImageEffects":true,"showParticleSystems":true,"showVisualEffectGraphs":true,"m_FxEnabled":true},"in2DMode":false,"pivot":{"x":415.5365295410156,"y":875.65673828125,"z":-240.34597778320313},"rotation":{"x":-0.06166132539510727,"y":-0.059254419058561328,"z":0.0036671441048383714,"w":-0.9963300824165344},"size":544.0416259765625,"orthographic":false}